<?xml version="1.0" encoding="UTF-8"?>
<beans xmlns="http://www.springframework.org/schema/beans"
	xmlns:xsi="http://www.w3.org/2001/XMLSchema-instance"
	xmlns:p="http://www.springframework.org/schema/p"
	xmlns:context="http://www.springframework.org/schema/context"
	xmlns:c="http://www.springframework.org/schema/c"
	xsi:schemaLocation="http://www.springframework.org/schema/beans http://www.springframework.org/schema/beans/spring-beans.xsd
		http://www.springframework.org/schema/context http://www.springframework.org/schema/context/spring-context.xsd">
	
	<!-- <bean id="tv" class="polymorphism.SamsungTV"/> -->		 
	
	<!-- <bean id="tv" class="polymorphism.SamsungTV"> -->
	<bean id="tv" class="polymorphism.SamsungTV"
		  p:speaker-ref="apple" 
		  p:price="2700000">
		<!-- <constructor-arg ref="sony"></constructor-arg> -->
		<!-- <constructor-arg ref="sony" />
		<constructor-arg value="270000"></constructor-arg> -->
		<!-- <constructor-arg index="0" ref="sony" />
		<constructor-arg index="1" value="270000" /> -->
		
		<!-- <constructor-arg ref="apple" />
		<constructor-arg value="270000" /> -->
		
		<!-- <property name="speaker" ref="apple" />
		<property name="price" value="2700000" /> -->
	</bean>
	
	<!-- <bean id="tv2" class="polymorphism.SamsungTV" c:speaker-ref="sony"/> -->
	
	<bean id="sony" class="polymorphism.SonySpeaker" />
	
	<bean id="apple" class="polymorphism.AppleSpeaker" />
	
	<bean id="collectionBean"
	      class="com.springbook.ioc.injection.CollectionBean">
	      <property name="addressList">
	      		<!-- <list>
					<value>서울시 강남구 역삼동</value>
					<value>서울시 성동구 행당동</value>
				</list>  -->
	      
			<props>
				<prop key="address1">서울시 강남구 역삼동</prop>
				<prop key="address2">서울시 성동구 행당동</prop>
			</props>		     
	      </property>
    </bean>
    
    
    <bean id="collectionBeanList"
	      class="com.springbook.ioc.injection.CollectionBeanList">
	    <property name="addressList">
	    	<list>
				<value>서울시 강남구 역삼동</value>
				<value>서울시 성동구 행당동</value>
			</list>
      	</property>
    </bean>
    
    
     <bean id="collectionBeanSet"
	      class="com.springbook.ioc.injection.CollectionBeanSet">
	    <property name="addressList">
	    	<set value-type="java.lang.String">
				<value>서울시 강남구 역삼동</value>
				<value>서울시 성동구 행당동</value>
				<value>서울시 서초구 서초동</value>
			</set>
      	</property>
    </bean>
    
    <bean id="collectionBeanMap"
	      class="com.springbook.ioc.injection.CollectionBeanMap">
	    <property name="addressList">
	    	<map>
	    		<entry key="고길동" value="서울 강남구 역삼동"/>
	    		<entry key="고둘리" value="서울 서초구 서초동"/>
	    		<entry key="마이콜" value="서울 강서구 화곡동"/>
	    		<!-- <entry>
	    			<key>
	    				<value>고길동</value>
	    			</key>
	    			<value>
	    				서울 강남구 역삼동
	    			</value>
	    		</entry>
	    		<entry>
	    			<key>
	    				<value>마이콜</value>
	    			</key>
	    			<value>
	    				서울 강서구 화곡동
	    			</value>
	    		</entry> -->
	    	</map>
      	</property>
    </bean>
    
    
</beans>
