<?xml version="1.0" encoding="UTF-8"?>
<beans xmlns="http://www.springframework.org/schema/beans"
	xmlns:xsi="http://www.w3.org/2001/XMLSchema-instance"
	xmlns:p="http://www.springframework.org/schema/p"
	xmlns:c="http://www.springframework.org/schema/c"
	xmlns:context="http://www.springframework.org/schema/context"
	xsi:schemaLocation="http://www.springframework.org/schema/beans http://www.springframework.org/schema/beans/spring-beans.xsd
		http://www.springframework.org/schema/context http://www.springframework.org/schema/context/spring-context.xsd">
	
	<context:component-scan base-package="polymorphism.annotation" />
	
	<context:component-scan base-package="com.springbook.biz" />
	
	<!-- <bean class="polymorphism.AppleSpeaker" /> -->
	
<!-- 	<bean id="tv2" class="polymorphism.SamsungTV"
		  p:speaker-ref="apple" 
		  p:price="2700000" /> -->
	
<!-- 	<bean id="sony" class="polymorphism.SonySpeaker" /> -->

	<bean id="dataSource" 
		class="org.springframework.jdbc.datasource.SimpleDriverDataSource">
		<property name="driverClass" 
			value="oracle.jdbc.OracleDriver" />
		<property name="url" 
			value="jdbc:oracle:thin:@localhost:1521:xe"/>
		<property name="username" value="java"/>
		<property name="password" value="java"/>
	</bean>
	
	<bean id="dataSource2" 
		class="org.springframework.jdbc.datasource.DriverManagerDataSource">
		<property name="driverClassName" 
			value="oracle.jdbc.OracleDriver" />
		<property name="url" 
			value="jdbc:oracle:thin:@localhost:1521:xe"/>
		<property name="username" value="java"/>
		<property name="password" value="java"/>
	</bean>
	
	<!-- H2 : Spring-JDBC -->
	<!-- <bean id="dataSourceH2" 
		class="org.springframework.jdbc.datasource.SimpleDriverDataSource">
		<property name="driverClass" 
			value="org.h2.Driver" />
		<property name="url" 
			value="jdbc:h2:tcp://localhost/~/test"/>
		<property name="username" value="sa"/>
		<property name="password" value=""/>
	</bean> -->
	
	<!-- H2 : apache commons DBCP -->
	<!-- <bean id="dataSourceH2DBCP" 
		class="org.apache.commons.dbcp.BasicDataSource"
		destroy-method="close">
		<property name="driverClassName" 
			value="org.h2.Driver" />
		<property name="url" 
			value="jdbc:h2:tcp://localhost/~/test"/>
		<property name="username" value="sa"/>
		<property name="password" value=""/>
	</bean> -->
	
</beans>
